"Horodateur","Tu es en...","Les raisons pour lesquelles tu prends part à un évènement entreprise...","Les domaines d'activités qui t'intéressent le plus (1 = domaine préféré, 9 = moins intéressante) [1]","Les domaines d'activités qui t'intéressent le plus (1 = domaine préféré, 9 = moins intéressante) [2]","Les domaines d'activités qui t'intéressent le plus (1 = domaine préféré, 9 = moins intéressante) [3]","Les domaines d'activités qui t'intéressent le plus (1 = domaine préféré, 9 = moins intéressante) [4]","Les domaines d'activités qui t'intéressent le plus (1 = domaine préféré, 9 = moins intéressante) [5]","Les domaines d'activités qui t'intéressent le plus (1 = domaine préféré, 9 = moins intéressante) [6]","Les domaines d'activités qui t'intéressent le plus (1 = domaine préféré, 9 = moins intéressante) [7]","Les domaines d'activités qui t'intéressent le plus (1 = domaine préféré, 9 = moins intéressante) [8]","Les domaines d'activités qui t'intéressent le plus (1 = domaine préféré, 9 = moins intéressante) [9]","Un domaine n'apparaissant pas dans la question précédente ?","Y a-t-il un type de fonction qui t'intéresse particulièrement dans une entreprise ?
( par ex : R&D, recherche fondamentale, conseil, services et apps, etc... )","Les types d'évènements que tu préfères...","Qu'espères-tu obtenir d'un évènement entreprise","Qu'elles sont les principales choses que tu veux savoir sur une entreprise ?","Une entreprise particulière que tu aimerais rencontrer ?","Es-tu intéressé.e par la création d'un forum ""entreprises publiques"" ? ","Es-tu intéressé.e par la mise en place d'un forum sur le secteur ""énergie et environnement"" ? ","Es-tu intéressé.e par la mise en place d'un forum Start-up","Une dernière chose ? :)"
"2026/03/13 8:26:22 PM UTC+2","1A IC","la renommée de l'entreprise;le domaine d'activité de l'entreprise;la présence d'un repas lors de l'évènement;la présence d'un cocktail lors de l'évènement","Énergie et Environnement;Aéronautique;Économie et Finance","","","","","","","","","","","les amphis entreprises;les études de cas","","","","Why not ","oui","oui",""
"2026/03/16 6:00:17 PM UTC+2","1A IC","le domaine d'activité de l'entreprise","Environnement","Énergie","Robotique et Automatisation","Économie et Finance","Transports","Numérique, Informatique et IA","Santé et Biotechnologies","Aéronautique","Mode et Luxe","","Recherche ou R&D","les amphis entreprises;les tables rondes;les visites de site","Rencontrer des travailleurs, découvrir des entreprises et des domaines ","Variété d'emplois","Des services publics, CNRS, EDF, SNCF...","oui","oui","non",""
"2026/03/16 6:21:59 PM UTC+2","1A IC","la présence d'un repas lors de l'évènement","Aéronautique","Mode et Luxe","Santé et Biotechnologies","Numérique, Informatique et IA","Transports","Robotique et Automatisation","Environnement","Énergie","Économie et Finance","Automobile ","R&D","les amphis entreprises;les tables rondes","","","","oui","oui","oui",""
"2026/03/16 7:36:49 PM UTC+2","1A IC","la recherche d'un stage","Énergie","Environnement","Robotique et Automatisation","Numérique, Informatique et IA","Aéronautique","Mode et Luxe","Économie et Finance","Transports","Santé et Biotechnologies","","","les études de cas","","","","non","Non","oui",""
"2026/03/17 10:58:03 AM UTC+2","1A IC","le domaine d'activité de l'entreprise","Aéronautique","Énergie","Santé et Biotechnologies","Numérique, Informatique et IA","Robotique et Automatisation","Transports","Environnement","Robotique et Automatisation","Mode et Luxe","","r et d ","les tables rondes","","","","oui","oui","oui",""
"2026/03/17 11:04:38 AM UTC+2","1A IC","la renommée de l'entreprise;le domaine d'activité de l'entreprise;la politique éthique de l'entreprise;le fait de ne pas connaître l'entreprise présentée","Transports","Environnement","Aéronautique","Énergie","Robotique et Automatisation","Numérique, Informatique et IA","Économie et Finance","Mode et Luxe","Santé et Biotechnologies","","","les amphis entreprises;les visites de site","Informations générales sur l’entreprise, contacts ","Expériences concrètes de mineurs, projets en développement, opportunités ","","oui","oui","oui",""
"2026/03/17 11:04:48 AM UTC+2","2A IC","le domaine d'activité de l'entreprise;la recherche d'un stage;la présence d'un repas lors de l'évènement","Transports","Environnement","Énergie","Numérique, Informatique et IA","Robotique et Automatisation","Santé et Biotechnologies","Aéronautique","Économie et Finance","Mode et Luxe","","","les tables rondes","","","","oui","oui","oui",""
"2026/03/17 11:07:22 AM UTC+2","3A IC","la présence d'un repas lors de l'évènement","Énergie","Environnement","Transports","Numérique, Informatique et IA","Robotique et Automatisation","Aéronautique","Santé et Biotechnologies","Mode et Luxe","Économie et Finance","","","les amphis entreprises","une pizza","(en général si les intervenants viennent de l'entreprises ils font marchands de tapis)","","si ça remplasse d'autres amphis pourquoi pas, rajouter un évènement ne me parait pas être une bonne idée ","same","non",""
"2026/03/17 11:07:39 AM UTC+2","1A IC","la renommée de l'entreprise;le domaine d'activité de l'entreprise;la présence d'un repas lors de l'évènement","Économie et Finance","Numérique, Informatique et IA","Robotique et Automatisation","Santé et Biotechnologies","Mode et Luxe","Aéronautique","Transports","Énergie","Environnement","","","les amphis entreprises","","","","oui","Non","oui",""
"2026/03/17 11:08:01 AM UTC+2","1A IC","le domaine d'activité de l'entreprise;la recherche d'un stage;la présence d'un repas lors de l'évènement;la présence d'un cocktail lors de l'évènement","Robotique et Automatisation","Aéronautique","Numérique, Informatique et IA","Énergie","Transports","Santé et Biotechnologies","Environnement","Économie et Finance","Mode et Luxe","La défense.","","les visites de site","","","Armée de l'air et de l'espace.","Je sais pas trop. Pourquoi pas...","Non","oui","PICHE Piche Piche."
"2026/03/17 11:08:08 AM UTC+2","1A IC","le domaine d'activité de l'entreprise;la politique éthique de l'entreprise","Environnement","Énergie","Santé et Biotechnologies","Transports","Aéronautique","Mode et Luxe","Économie et Finance","Robotique et Automatisation","Numérique, Informatique et IA","","","les tables rondes;les forums","","","","oui","oui","oui",""
"2026/03/17 11:09:08 AM UTC+2","1A IC","la renommée de l'entreprise;le domaine d'activité de l'entreprise;la politique éthique de l'entreprise;la présence d'un repas lors de l'évènement;la présence d'un cocktail lors de l'évènement","Énergie","Transports","Environnement","Santé et Biotechnologies","Aéronautique","Mode et Luxe","Robotique et Automatisation","Économie et Finance","Numérique, Informatique et IA","","","les tables rondes;les visites de site","Mieux connaître l’entreprise et la vie des employés qui y sont","Son domaine d’activité, leurs façons de procéder et la journée type d’un employé","","oui","oui","oui",""
"2026/03/17 11:10:13 AM UTC+2","2A IC","la renommée de l'entreprise;le domaine d'activité de l'entreprise;la politique éthique de l'entreprise;la recherche d'un stage","Environnement","Énergie","Économie et Finance","Transports","Numérique, Informatique et IA","Santé et Biotechnologies","Aéronautique","Robotique et Automatisation","Mode et Luxe","","","les amphis entreprises;les tables rondes;les forums;les études de cas","Des contacts et une meilleure connaissance du milieu ","Son domaine, le type de métiers qu'elle propose, le cadre de travail, ses engagements environnementaux et sociaux ","","oui","oui","non","Merci ❤️"
"2026/03/17 11:10:49 AM UTC+2","ISUP","le domaine d'activité de l'entreprise;la recherche d'un stage;la présence d'un repas lors de l'évènement;la présence d'un cocktail lors de l'évènement","Énergie","Transports","Économie et Finance","Robotique et Automatisation","Environnement","Aéronautique","Santé et Biotechnologies","Numérique, Informatique et IA","Mode et Luxe","Construction","Ingéniérie","les amphis entreprises;les visites de site;les études de cas;Présentation dans les bureau ( exemple Tour Total)","Idée de carrière, contact","Période de recrutement, autonomie laissé au salarié, profil qui les intérrèsent ","EDF","non","oui","non","Dream : Des entreprises énergétiques et des métiers terrains / ingéniérie ( stop la data/IA par pitié:) )"
"2026/03/17 11:11:46 AM UTC+2","3A IC","le domaine d'activité de l'entreprise;la politique éthique de l'entreprise","Énergie","Environnement","Transports","Économie et Finance","Numérique, Informatique et IA","Aéronautique","Santé et Biotechnologies","Robotique et Automatisation","Mode et Luxe","","","les amphis entreprises;les tables rondes;les visites de site;les forums","","","","oui","oui","oui",""
"2026/03/17 11:13:09 AM UTC+2","1A IC","la renommée de l'entreprise;le domaine d'activité de l'entreprise;la présence d'un repas lors de l'évènement;la présence d'un cocktail lors de l'évènement","Aéronautique","Énergie","Économie et Finance","Numérique, Informatique et IA","Santé et Biotechnologies","Robotique et Automatisation","Transports","Environnement","Mode et Luxe","","","les amphis entreprises","","","","non","oui","oui",""
"2026/03/17 11:14:05 AM UTC+2","2A IC","le domaine d'activité de l'entreprise;la politique éthique de l'entreprise;la recherche d'un stage;la présence d'un repas lors de l'évènement;la présence d'un cocktail lors de l'évènement;Donner de l'argent au BDE","Robotique et Automatisation","Santé et Biotechnologies","Transports","Environnement","Énergie","Mode et Luxe","Aéronautique","Économie et Finance","Numérique, Informatique et IA","","R&D ","les tables rondes;les visites de site","Des contacts et des conseils ","","","oui","Non","non",""
"2026/03/17 11:14:50 AM UTC+2","2A IC","la renommée de l'entreprise;le domaine d'activité de l'entreprise;la recherche d'un stage;la présence d'un repas lors de l'évènement;la présence d'un cocktail lors de l'évènement","Économie et Finance","Aéronautique","Énergie","Robotique et Automatisation","Santé et Biotechnologies","Aéronautique","Numérique, Informatique et IA","Environnement","Mode et Luxe","Conseil","","les tables rondes;les visites de site","","","E-Cube, Cartier, Alpine","oui","oui","oui",""
"2026/03/17 11:17:57 AM UTC+2","1A IC","la renommée de l'entreprise","Énergie","Énergie","Énergie","Énergie","Énergie","Énergie","Énergie","Énergie","Énergie","","","tant qu’il y a a manger","un stage","Le salaire","Total / thales","non","Non","non",""
"2026/03/17 11:26:04 AM UTC+2","2A IC","la recherche d'un stage;la présence d'un repas lors de l'évènement","Aéronautique","Robotique et Automatisation","Énergie","Environnement","Transports","Économie et Finance","Numérique, Informatique et IA","Santé et Biotechnologies","Mode et Luxe","jeu vidéo/divertissement ","","les amphis entreprises;les visites de site","","Hihi le salaire, la possibilité de télétravailler, si ils ont un site proche de chez moi/paris","","qu'est ce que vous entendez par ""forum"" ?","oui","non",""
"2026/03/17 11:33:14 AM UTC+2","2A IC","la renommée de l'entreprise;le domaine d'activité de l'entreprise;la recherche d'un stage","Numérique, Informatique et IA","Robotique et Automatisation","Aéronautique","Énergie","Économie et Finance","Santé et Biotechnologies","Mode et Luxe","Transports","Environnement","","","les amphis entreprises;les forums;les études de cas","Un stage pitié ","","","oui","oui","oui",""
"2026/03/17 11:43:06 AM UTC+2","1A IC","la renommée de l'entreprise;le domaine d'activité de l'entreprise;la politique éthique de l'entreprise;la présence d'un repas lors de l'évènement","Environnement","Transports","Robotique et Automatisation","Santé et Biotechnologies","Numérique, Informatique et IA","Énergie","Aéronautique","Économie et Finance","Mode et Luxe","","R&D","les amphis entreprises;les tables rondes","","","","oui","oui","oui",""
"2026/03/17 11:47:21 AM UTC+2","1A IC","la renommée de l'entreprise;le domaine d'activité de l'entreprise;la recherche d'un stage;la présence d'un repas lors de l'évènement;la présence d'un cocktail lors de l'évènement","Santé et Biotechnologies","Numérique, Informatique et IA","Économie et Finance","Robotique et Automatisation","Transports","Énergie","Aéronautique","Mode et Luxe","Environnement","","R et D ou conseil","les amphis entreprises;les études de cas","savoir plus précisément quelles sont les tâches des personnes qui occupent les fonctions que j’aimerais faire","","intuitive surgery","non","Non","oui","merci pour votre travail 🫶"
"2026/03/17 11:51:57 AM UTC+2","2A IC","la renommée de l'entreprise;le domaine d'activité de l'entreprise;le fait de ne pas connaître l'entreprise présentée","Économie et Finance","Énergie","Numérique, Informatique et IA","Mode et Luxe","Environnement","Santé et Biotechnologies","Santé et Biotechnologies","Robotique et Automatisation","Transports","","R&D !!! Et stratégie (surtout dans des grands groupes industriels)","les tables rondes;les études de cas","Comprendre le métier des personnes invitées, ce qu’iels font de leur quotidien et qui sera peut être aussi le mien si je viens travailler dans leur équipe","Les missions, la culture d’entreprise, s’ils proposent des stages","La banque de France !!! <3","oui","oui","oui","Merciii"
"2026/03/17 11:59:18 AM UTC+2","2A IC","la politique éthique de l'entreprise;la recherche d'un stage;le fait de ne pas connaître l'entreprise présentée;la présence d'un repas lors de l'évènement;la présence d'un cocktail lors de l'évènement","Économie et Finance","Aéronautique","Mode et Luxe","Environnement","Santé et Biotechnologies","Transports","Énergie","Robotique et Automatisation","Numérique, Informatique et IA","","Service financier et analyse économique","les visites de site;les études de cas","une bonne compréhension des enjeux financiers de l'entreprise et ... un stage (ie un employeur potentiel pas une boite à saturation qui te dit ""postulez sur linkedin ou notre site"" sans piston.","Aspect financier.","JP Morgan, Palantir, World Bank, CIB et SoGé","oui","Non","oui","Branchez vous finance la team, plutôt que conseil. C'est bien plus stylé et skilled et ça correspond à nos profils malgré tout"
"2026/03/17 12:05:59 PM UTC+2","2A IC","le domaine d'activité de l'entreprise;la politique éthique de l'entreprise;la présence d'un repas lors de l'évènement","Transports","Environnement","Énergie","Santé et Biotechnologies","Robotique et Automatisation","Mode et Luxe","Aéronautique","Numérique, Informatique et IA","Économie et Finance","L'action publique/sociale mais bon comme iels peuvent pas payer c'est chaud d'en faire un amphi","","les amphis entreprises","Des pizzas et un panorama un peu précis de l'entreprise présentée ","Le mode de fonctionnement, l'ambiance au sein des équipes, les possibilités d'évolution ","","oui","oui","non",""
"2026/03/17 12:10:35 PM UTC+2","2A IC","le domaine d'activité de l'entreprise;la politique éthique de l'entreprise","Environnement","Énergie","Transports","Santé et Biotechnologies","Robotique et Automatisation","Économie et Finance","Numérique, Informatique et IA","Aéronautique","Mode et Luxe","","","les amphis entreprises","","","","oui","oui","non",""
"2026/03/17 12:11:37 PM UTC+2","1A IC","la renommée de l'entreprise;le domaine d'activité de l'entreprise;le fait de ne pas connaître l'entreprise présentée;la présence d'un repas lors de l'évènement","Numérique, Informatique et IA","Aéronautique","Énergie","Environnement","Santé et Biotechnologies","Robotique et Automatisation","Économie et Finance","Mode et Luxe","Transports","","","les amphis entreprises;les visites de site","Connaître un peu mieux les tâches au sein de l’entreprise ainsi que le projet ","","","oui","oui","oui",""
"2026/03/17 12:13:00 PM UTC+2","1A IC","le domaine d'activité de l'entreprise;la politique éthique de l'entreprise","Santé et Biotechnologies","Environnement","Robotique et Automatisation","Énergie","Transports","Numérique, Informatique et IA","Mode et Luxe","Aéronautique","Économie et Finance","","","les tables rondes","","Les possibilités de jobs et d'évolution","","non","oui","oui",""
"2026/03/17 12:16:06 PM UTC+2","2A IC","la renommée de l'entreprise;le domaine d'activité de l'entreprise;la recherche d'un stage","Numérique, Informatique et IA","Santé et Biotechnologies","Robotique et Automatisation","Environnement","Transports","Aéronautique","Énergie","Économie et Finance","Mode et Luxe","","R&D et Tech surtout (ML, data science)","les tables rondes","Un stage ","","","Bof","Bof","oui",""
"2026/03/17 12:31:17 PM UTC+2","2A IC","la politique éthique de l'entreprise","Environnement","Énergie","Transports","Santé et Biotechnologies","Robotique et Automatisation","Mode et Luxe","Numérique, Informatique et IA","Économie et Finance","Aéronautique","La low tech","","/","","","","oui","oui","non","Il suffit de voir les domaines pour comprendre que si vous voulez vraiment qu'environnementalement votre mandat se tienne, il faut réduire drastiquement les budgets. Mode, aéronautique, IA, finance... tout ça c'est juste aberrant socio-écologiquement parlant. En fait vous avez pas vraiment le choix puisque vous avez une certaine envie de faire les choses bien. Ou bien vous faites les choses à la marge en changeant pas foncièrement le système (donc vous allez chercher la ""mode responsable"", ""la finance verte"", les ""carburants innovants"" blablabla, c'est ce que les BDE font depuis qu'ils veulent avoir la conscience tranquille), ou alors vous coupez fortement dans les dépenses par soucis éthique et vous gardez les quelques domaines qui sont un peu mieux que les autres. Et l'argument du ""les gens sont assez grands pour décider"" ne se tient pas, vous avez une responsabilité non nulle dans les carrières futures d'un certain nombre de mineurs et mineuses. Hésitez pas à regarder aussi les autres assos autour de vous : il y en a peut-être qui ont des partenariats encore pire que les vôtres, ce serait un peu bête de jouer cavalier seul alors que vous listez pour tout le monde... Bon courage !"
"2026/03/17 12:41:09 PM UTC+2","1A IC","la renommée de l'entreprise;le domaine d'activité de l'entreprise;la présence d'un repas lors de l'évènement;la présence d'un cocktail lors de l'évènement","Santé et Biotechnologies","Transports","Environnement","Robotique et Automatisation","Énergie","Aéronautique","Économie et Finance","Numérique, Informatique et IA","Mode et Luxe","","","les amphis entreprises;les visites de site","Un témoignage","Les missions des gens qui y travaillent","Alstom","oui","oui","non",""
"2026/03/17 12:42:50 PM UTC+2","1A IC","la recherche d'un stage;la présence d'un repas lors de l'évènement","Numérique, Informatique et IA","Énergie","Robotique et Automatisation","Aéronautique","Transports","Santé et Biotechnologies","Environnement","Économie et Finance","Mode et Luxe","","R&D, Recherche fonda","amphi pizza","une pizza et un stage et de la sauce piquante","ce qu'un qq qui y travaille y fait au jour le jour","","oui","Non","non",""
"2026/03/17 12:56:36 PM UTC+2","ISUP","la renommée de l'entreprise;le domaine d'activité de l'entreprise;le fait de ne pas connaître l'entreprise présentée","Énergie","Transports","Économie et Finance","Aéronautique","Environnement","Mode et Luxe","Santé et Biotechnologies","Robotique et Automatisation","Numérique, Informatique et IA","","Charge d’affaires et de projets. ","les amphis entreprises;les visites de site","De la connaissance sur certains domaines et projets ","Ce qu'elle fait concrètement, les domaines où elle travaille qui ne sont pas connus, les projets actuels et futurs ","Air France, ADP","oui","oui","oui","Option 1"
"2026/03/17 1:00:07 PM UTC+2","1A IC","la renommée de l'entreprise;le domaine d'activité de l'entreprise;la présence d'un repas lors de l'évènement;la présence d'un cocktail lors de l'évènement","Aéronautique","Robotique et Automatisation","Santé et Biotechnologies","Mode et Luxe","Économie et Finance","Transports","Énergie","Environnement","Numérique, Informatique et IA","","","les amphis entreprises;les tables rondes","","","","oui","oui","oui",""
"2026/03/17 1:47:35 PM UTC+2","2A IC","le domaine d'activité de l'entreprise;la politique éthique de l'entreprise;la recherche d'un stage;la présence d'un repas lors de l'évènement","Énergie","Environnement","Transports","Santé et Biotechnologies","Aéronautique","Économie et Finance","Robotique et Automatisation","Numérique, Informatique et IA","Mode et Luxe","","Technique (gestion de projet mais proche des trucs concrets)","les amphis entreprises;les tables rondes","Des infos sur les missions et si possible Un mail de RH/contact pour candidater","Son implémentation dans le monde/ ses engagements (réels) niveau écologie","Technique solaire/ EDF/ iea ","oui","oui","non",""
"2026/03/17 1:57:29 PM UTC+2","1A IC","le domaine d'activité de l'entreprise;la recherche d'un stage","Robotique et Automatisation","Numérique, Informatique et IA","Santé et Biotechnologies","Aéronautique","Transports","Économie et Finance","Énergie","Environnement","Mode et Luxe","","recherche fondamentale","les tables rondes;les visites de site","","","Alice and Bob","oui","Non","oui",""
"2026/03/17 1:59:09 PM UTC+2","1A IC","le domaine d'activité de l'entreprise;la recherche d'un stage;la présence d'un repas lors de l'évènement","Aéronautique","Énergie","Environnement","Numérique, Informatique et IA","Économie et Finance","Robotique et Automatisation","Santé et Biotechnologies","Transports","Mode et Luxe","Organisme de recherche ","recherche fondamentale","les amphis entreprises","Des infos sur les activités de l'entreprise et si de circonstance des offres de stages","Taille, TOUT les secteurs d'activités, respects des lois environementales","","nsp","nsp","non",""
"2026/03/17 2:17:44 PM UTC+2","1A IC","la renommée de l'entreprise;le domaine d'activité de l'entreprise;la recherche d'un stage;la présence d'un repas lors de l'évènement","Énergie","Économie et Finance","Numérique, Informatique et IA","Aéronautique","Robotique et Automatisation","Transports","Environnement","Mode et Luxe","Santé et Biotechnologies","","","les amphis entreprises;les tables rondes","Un contact et une façon de fonctionner de l’entreprise ","Son fonctionnement interne ","","oui","oui","oui",""
"2026/03/17 2:20:02 PM UTC+2","1A IC","le domaine d'activité de l'entreprise;la politique éthique de l'entreprise;le fait de ne pas connaître l'entreprise présentée","Environnement","Numérique, Informatique et IA","Santé et Biotechnologies","Énergie","Robotique et Automatisation","Mode et Luxe","Transports","Aéronautique","Économie et Finance","","","les visites de site","","","","oui","oui","Pas d’avis","Bonne chance !"
"2026/03/17 4:56:40 PM UTC+2","1A IC","le domaine d'activité de l'entreprise;la recherche d'un stage;la présence d'un repas lors de l'évènement;la présence d'un cocktail lors de l'évènement","Environnement","Mode et Luxe","Santé et Biotechnologies","Aéronautique","Transports","Énergie","Numérique, Informatique et IA","Économie et Finance","Robotique et Automatisation","la fonction publique !!!!","Recherche et developpement, le publique","les études de cas","des informations sur une entreprise, des idées de futurs métiers, de stages, comprendre comment ca marche ","ses activités, ses valeurs, les jobs qu'ils offrent, si elles sont éthiques","","oui","oui","oui","je crois qu'il y a deja eu un forum start-up"
"2026/03/17 5:08:02 PM UTC+2","2A IC","la renommée de l'entreprise;le domaine d'activité de l'entreprise;la recherche d'un stage;le fait de ne pas connaître l'entreprise présentée","Économie et Finance","Numérique, Informatique et IA","Robotique et Automatisation","Énergie","Transports","Environnement","Aéronautique","Santé et Biotechnologies","Mode et Luxe","Logistique","Conseil, services ","les amphis entreprises;les tables rondes;les études de cas","Meilleure connaissance de l’entreprise et des différents stages et emplois","Stages et différents métiers possibles","","oui","oui","oui","Merci d’avance pour le travail que vous allez faire !"
"2026/03/17 9:54:22 PM UTC+2","1A IC","la renommée de l'entreprise;le domaine d'activité de l'entreprise;la recherche d'un stage","Économie et Finance","Numérique, Informatique et IA","Robotique et Automatisation","Aéronautique","Mode et Luxe","Transports","Robotique et Automatisation","Énergie","Environnement","Défense / armement ","","les amphis entreprises","Informations sur l'entreprise+Rex","","Naval group ","oui","Non","oui",""
"2026/03/17 10:13:45 PM UTC+2","2A IC","la renommée de l'entreprise;le domaine d'activité de l'entreprise;la recherche d'un stage;la présence d'un repas lors de l'évènement","Énergie","Environnement","Économie et Finance","Transports","Numérique, Informatique et IA","Robotique et Automatisation","Santé et Biotechnologies","Aéronautique","Mode et Luxe","","R&D","les tables rondes;les études de cas","Que fait l'entreprise (service et production, acteurs, marché etc) et quels postes ils proposent et qu'es ce qu'on y fait concrètement en temps qu'employé","","Producteur Energetique en générale ","oui","oui","non",""
"2026/03/18 2:03:28 PM UTC+2","1A IC","le domaine d'activité de l'entreprise;le fait de ne pas connaître l'entreprise présentée;la présence d'un repas lors de l'évènement","Environnement","Énergie","Transports","Santé et Biotechnologies","Numérique, Informatique et IA","Robotique et Automatisation","Aéronautique","Économie et Finance","Mode et Luxe","","","les amphis entreprises;les forums","De la culture et des informations sur l'entreprises afin de savoir si elle peut correspondre à mes projets et mes envies","Secteur d'activité, valeurs / engagements, possibilités d'emplois","","oui","oui","oui",""
"2026/03/18 2:03:43 PM UTC+2","1A IC","le domaine d'activité de l'entreprise;la présence d'un repas lors de l'évènement","Robotique et Automatisation","Énergie","Santé et Biotechnologies","Numérique, Informatique et IA","Aéronautique","Environnement","Transports","Économie et Finance","Mode et Luxe","","","les visites de site;les forums","","Ses services et des choses concrètes comme comment se passe la fabrication du produit, à quoi ressemble la vie quotidienne dans l’entreprise","","oui","oui","oui",""
"2026/03/18 2:04:29 PM UTC+2","ISUP","la renommée de l'entreprise;le domaine d'activité de l'entreprise;la politique éthique de l'entreprise","Énergie","Environnement","Transports","Aéronautique","Robotique et Automatisation","Économie et Finance","Numérique, Informatique et IA","Santé et Biotechnologies","Mode et Luxe","","R&D","les amphis entreprises;les visites de site","Des renseignements, des contacts ","Ce qu'ils font, comment, les postes accessibles, l'ouverture sur l'international...","Thalès, Safran, Schneider Electric","oui","oui","oui",""
"2026/03/18 2:04:54 PM UTC+2","1A IC","Je n'y ai jamais pris part","Environnement","Aéronautique","Numérique, Informatique et IA","Robotique et Automatisation","Transports","Énergie","Santé et Biotechnologies","Économie et Finance","Mode et Luxe","","R&D et recherche fondamentale ","Je ne sais pas ","","","","Je ne pense pas que j'irai non","oui","non",""
"2026/03/18 2:04:55 PM UTC+2","1A IC","la renommée de l'entreprise;le domaine d'activité de l'entreprise;la recherche d'un stage;la présence d'un repas lors de l'évènement;la présence d'un cocktail lors de l'évènement","Robotique et Automatisation","Aéronautique","Numérique, Informatique et IA","Économie et Finance","Énergie","Transports","Mode et Luxe","Santé et Biotechnologies","Environnement","Sécurité ","R&D","les amphis entreprises;les études de cas","Un contact dans l'entreprise et une meilleure connaissance de ce qu'il s'y fait ","Activités, emplois possibles, salaire","DGA","oui","Non","oui",""
"2026/03/18 2:06:11 PM UTC+2","1A IC","la renommée de l'entreprise;le domaine d'activité de l'entreprise;la politique éthique de l'entreprise;la recherche d'un stage;la présence d'un repas lors de l'évènement;la présence d'un cocktail lors de l'évènement","Aéronautique","Énergie","Transports","Numérique, Informatique et IA","Robotique et Automatisation","Santé et Biotechnologies","Environnement","Mode et Luxe","Économie et Finance","Recherche/physique ","R&D","les amphis entreprises","Infos + contacts","","Alice et bob, ibm... ","Jsp","Jsp ","Jsp ","Option 1"
"2026/03/18 2:10:21 PM UTC+2","1A IC","la renommée de l'entreprise;la présence d'un repas lors de l'évènement;la présence d'un cocktail lors de l'évènement","Énergie","Environnement","Transports","Aéronautique","Économie et Finance","Numérique, Informatique et IA","Robotique et Automatisation","Santé et Biotechnologies","Mode et Luxe","","","les amphis entreprises","","","","oui","oui","oui",""
"2026/03/18 2:11:00 PM UTC+2","2A IC","le domaine d'activité de l'entreprise;la politique éthique de l'entreprise;la recherche d'un stage;la présence d'un repas lors de l'évènement","Énergie","Transports","Environnement","Numérique, Informatique et IA","Robotique et Automatisation","Santé et Biotechnologies","Économie et Finance","Aéronautique","Mode et Luxe","","","les amphis entreprises;les forums","","","","oui","oui","non",""
"2026/03/18 2:12:43 PM UTC+2","2A IC","la renommée de l'entreprise;le domaine d'activité de l'entreprise;la politique éthique de l'entreprise;la recherche d'un stage;le fait de ne pas connaître l'entreprise présentée;la présence d'un repas lors de l'évènement;la présence d'un cocktail lors de l'évènement","Énergie","Transports","Robotique et Automatisation","Économie et Finance","Numérique, Informatique et IA","Santé et Biotechnologies","Aéronautique","Environnement","Mode et Luxe","","","les amphis entreprises;les visites de site","","","","oui","oui","oui",""
"2026/03/18 2:16:27 PM UTC+2","2A IC","le domaine d'activité de l'entreprise;la politique éthique de l'entreprise;la recherche d'un stage;la présence d'un repas lors de l'évènement","Transports","Environnement","Énergie","Économie et Finance","Numérique, Informatique et IA","Robotique et Automatisation","Santé et Biotechnologies","Aéronautique","Mode et Luxe","","","les amphis entreprises;les visites de site","Un aperçu des postes existant dans une entreprise et des missions correspondantes","Mission globale (à quoi elle sert, avec qui et pourquoi)
Géographie ","","oui","oui","non","Très intéressé par le public"
"2026/03/18 2:18:57 PM UTC+2","1A IC","le domaine d'activité de l'entreprise;la présence d'un repas lors de l'évènement;la présence d'un cocktail lors de l'évènement","Aéronautique","Aéronautique","Numérique, Informatique et IA","Énergie","Environnement","Transports","Économie et Finance","Aéronautique","Mode et Luxe","Aérospatial","","les amphis entreprises;les visites de site;les forums","Des connaissances générales sur l’entreprise et sur ses activités","","Ariane/airbus/thales/the exploration company/littéralement n’importe quelle entreprise du spatial","oui","Non","oui","Le spatial pitié le spatial"
"2026/03/18 2:21:13 PM UTC+2","1A IC","la renommée de l'entreprise;le domaine d'activité de l'entreprise;le fait de ne pas connaître l'entreprise présentée;la présence d'un repas lors de l'évènement;la présence d'un cocktail lors de l'évènement","Santé et Biotechnologies","Transports","Environnement","Énergie","Numérique, Informatique et IA","Robotique et Automatisation","Économie et Finance","Aéronautique","Mode et Luxe","","","les amphis entreprises;les visites de site","me faire une idée, découvrir une entreprise","les fonctions qu’on peut y exercer, les perspectives de carrière…","","oui","oui","pourquoi pas",""
"2026/03/18 2:24:00 PM UTC+2","1A IC","en vrai j’y participe pas ","Transports","Aéronautique","Énergie","Santé et Biotechnologies","Environnement","Robotique et Automatisation","Mode et Luxe","Numérique, Informatique et IA","Économie et Finance","","","je sais pas","","","","je sais pas","oui","oui",""
"2026/03/18 2:37:32 PM UTC+2","1A IC","la présence d'un repas lors de l'évènement;la présence d'un cocktail lors de l'évènement","Aéronautique","Énergie","Transports","Environnement","Économie et Finance","Numérique, Informatique et IA","Robotique et Automatisation","Mode et Luxe","Santé et Biotechnologies","","","les tables rondes","Des infos sur à quoi ressemble au quotidien un métier après les mines","","","oui","oui","oui","Merci le pôle N "
"2026/03/18 2:38:53 PM UTC+2","1A IC","la renommée de l'entreprise;le domaine d'activité de l'entreprise;la présence d'un repas lors de l'évènement;la présence d'un cocktail lors de l'évènement","Aéronautique","Robotique et Automatisation","Santé et Biotechnologies","Environnement","Transports","Énergie","Économie et Finance","Numérique, Informatique et IA","Mode et Luxe","","tous les métiers dans l’aéronautique ","les tables rondes;les études de cas","Obtenir un truc vraiment interactif et assez concret sur ce que quelqu’un fait ","Son domaine, ses perspectives à l’étranger, ce qu’elle fait, son engagement ","Airbus","Pas opposée ","oui","Pas opposée ",""
"2026/03/18 2:43:26 PM UTC+2","1A IC","le fait de ne pas connaître l'entreprise présentée;la présence d'un repas lors de l'évènement","Santé et Biotechnologies","Mode et Luxe","Environnement","Économie et Finance","Numérique, Informatique et IA","Robotique et Automatisation","Aéronautique","Énergie","Transports","","","les amphis entreprises","","","","non","oui","oui",""
"2026/03/18 2:56:12 PM UTC+2","3A IC","le domaine d'activité de l'entreprise;la politique éthique de l'entreprise;la recherche d'un stage;le fait de ne pas connaître l'entreprise présentée","Numérique, Informatique et IA","Robotique et Automatisation","Environnement","Énergie","Transports","Santé et Biotechnologies","Aéronautique","Économie et Finance","Mode et Luxe","","","les amphis entreprises;les visites de site","","","","oui","oui","oui",""
"2026/03/18 3:15:39 PM UTC+2","1A IC","le domaine d'activité de l'entreprise;la recherche d'un stage;le fait de ne pas connaître l'entreprise présentée","Énergie","Santé et Biotechnologies","Aéronautique","Transports","Robotique et Automatisation","Santé et Biotechnologies","Environnement","Économie et Finance","Mode et Luxe","Recherche ( je sais pas si c'est possible)","R&D, recherche foncamentale","les amphis entreprises;les visites de site;les forums","","","","oui","oui","oui","Merci"
"2026/03/18 3:23:23 PM UTC+2","1A IC","le domaine d'activité de l'entreprise;la politique éthique de l'entreprise;le fait de ne pas connaître l'entreprise présentée;la présence d'un repas lors de l'évènement","Environnement","Énergie","Santé et Biotechnologies","Robotique et Automatisation","Numérique, Informatique et IA","Économie et Finance","Mode et Luxe","Transports","Aéronautique","","","les amphis entreprises;les visites de site","","","","oui","oui","non",""
"2026/03/18 3:44:20 PM UTC+2","1A IC","le domaine d'activité de l'entreprise;la recherche d'un stage","Numérique, Informatique et IA","Économie et Finance","Énergie","Aéronautique","Transports","Environnement","Robotique et Automatisation","Santé et Biotechnologies","Mode et Luxe","Conseil ","","les amphis entreprises;les études de cas","Des contacts et une vision sur la réalité du métier ","Le processus d’embauche, le salaire, les opportunités d’évolution ","","oui","Non","non","J’arrive en 201 "
"2026/03/18 3:49:14 PM UTC+2","1A IC","le domaine d'activité de l'entreprise;la politique éthique de l'entreprise;la présence d'un repas lors de l'évènement;la présence d'un cocktail lors de l'évènement","Environnement","Énergie","Transports","Santé et Biotechnologies","Aéronautique","Économie et Finance","Numérique, Informatique et IA","Robotique et Automatisation","Mode et Luxe","","","les tables rondes;les visites de site;les forums","M’apporter une curiosité","Le quotidien de ceux qui y travaillent","Dans le public (c’est pas une entreprise je sais mais voila)","oui","oui","non",""
"2026/03/18 5:40:34 PM UTC+2","1A IC","le domaine d'activité de l'entreprise;la politique éthique de l'entreprise;le fait de ne pas connaître l'entreprise présentée","Environnement","Énergie","Transports","Mode et Luxe","Robotique et Automatisation","Économie et Finance","Santé et Biotechnologies","Numérique, Informatique et IA","Aéronautique","","","les forums","","","","oui","oui","non",""
"2026/03/18 6:50:34 PM UTC+2","1A IC","la renommée de l'entreprise;le domaine d'activité de l'entreprise;le fait de ne pas connaître l'entreprise présentée;la présence d'un repas lors de l'évènement;la présence d'un cocktail lors de l'évènement","Aéronautique","Santé et Biotechnologies","Économie et Finance","Numérique, Informatique et IA","Énergie","Mode et Luxe","Robotique et Automatisation","Environnement","Transports","","","les tables rondes;les visites de site;les études de cas","Des infos sur le déroulé du recrutement ","domaine d’activité, stratégies futures et actuelles, concurrents et comment ils trouvent des solutions ","Airbus","non","oui","oui",""
"2026/03/18 8:49:56 PM UTC+2","1A IC","la renommée de l'entreprise;le domaine d'activité de l'entreprise;le fait de ne pas connaître l'entreprise présentée;la présence d'un repas lors de l'évènement;la présence d'un cocktail lors de l'évènement","Aéronautique","Transports","Énergie","Numérique, Informatique et IA","Robotique et Automatisation","Mode et Luxe","Santé et Biotechnologies","Environnement","Économie et Finance","","R&D, bureaux d'étude... les métiers très scientifiques (mais en vrai tout est intéressant pour ce rendre compte des différents métiers)","les amphis entreprises;les visites de site;les forums","Voir ce que font des gens qui sortent des Mines, discuter avec les intervenants (ou juste poser des questions), poser des questions sur les stages","","","oui","oui","non","Merci pour votre investissement : )"
"2026/03/18 10:57:47 PM UTC+2","3A IC","la renommée de l'entreprise;le domaine d'activité de l'entreprise;la politique éthique de l'entreprise;la recherche d'un stage","Numérique, Informatique et IA","Environnement","Santé et Biotechnologies","Énergie","Robotique et Automatisation","Transports","Économie et Finance","Aéronautique","Mode et Luxe","","Recherche","les tables rondes;les forums","Des contacts, des informations sur les processus de recrutement","Culture d'entreprise, ambiance de travail, les différentes activités de l'entreprise, les perspectives d'évolution de carrière","","oui","oui","oui","Merci pour votre travail le BDE !"
"2026/03/19 8:45:59 AM UTC+2","3A IC","le domaine d'activité de l'entreprise;le fait de ne pas connaître l'entreprise présentée","Énergie","Environnement","Santé et Biotechnologies","Économie et Finance","Transports","Aéronautique","Robotique et Automatisation","Mode et Luxe","Mode et Luxe","","","les amphis entreprises;les tables rondes","","","","oui","oui","oui",""
"2026/03/19 2:18:04 PM UTC+2","2A IC","le domaine d'activité de l'entreprise;la politique éthique de l'entreprise","Énergie","Environnement","Transports","Robotique et Automatisation","Aéronautique","Numérique, Informatique et IA","Mode et Luxe","Santé et Biotechnologies","Économie et Finance","","","les amphis entreprises;les forums","","","","oui","oui","non",""
"2026/03/19 2:25:12 PM UTC+2","1A IC","la renommée de l'entreprise;le domaine d'activité de l'entreprise;la présence d'un repas lors de l'évènement","Transports","Robotique et Automatisation","Énergie","Aéronautique","Santé et Biotechnologies","Environnement","Économie et Finance","Numérique, Informatique et IA","Mode et Luxe","Génie Civil, BTP, Génie mécanique","","les tables rondes","Avoir une idée plus précise de ce qu'on fait concrètement si on travaille chez eux. Quels métiers ils proposent et à quoi ressemble une semaine type chez eux.","","","oui","jsp","oui",""
"2026/03/19 2:35:21 PM UTC+2","1A IC","la présence d'un repas lors de l'évènement;la présence d'un cocktail lors de l'évènement","Transports","Énergie","Aéronautique","Robotique et Automatisation","Environnement","Économie et Finance","Numérique, Informatique et IA","Mode et Luxe","Santé et Biotechnologies","Automobile","","les amphis entreprises","","","Une écurie issue du sport auto mais trop niche je suppos ","non","Non","non",""
"2026/03/19 2:48:26 PM UTC+2","1A IC","la renommée de l'entreprise;le domaine d'activité de l'entreprise;le fait de ne pas connaître l'entreprise présentée;la présence d'un repas lors de l'évènement","Santé et Biotechnologies","Robotique et Automatisation","Numérique, Informatique et IA","Économie et Finance","Environnement","Aéronautique","Énergie","Transports","Mode et Luxe","","","les amphis entreprises;les forums;les études de cas","","","","oui","pas plus que ça","oui",""
"2026/03/19 2:56:09 PM UTC+2","1A IC","la renommée de l'entreprise;le domaine d'activité de l'entreprise;la politique éthique de l'entreprise;le fait de ne pas connaître l'entreprise présentée;la présence d'un repas lors de l'évènement;la présence d'un cocktail lors de l'évènement","Environnement","Énergie","Économie et Finance","Aéronautique","Santé et Biotechnologies","Mode et Luxe","Robotique et Automatisation","Numérique, Informatique et IA","Transports","","Recherche fondamentale","les tables rondes;les forums","Découvrir de nouveaux métiers ","Son mode de fonctionnement, son domaine d'activités et les postes qu'elle peut me proposer ","Pasqal, Candela ou n'importe quelle entreprise spécialisée dans une technologie physique (quantique, semi conducteur ou autre)","oui","oui","non","Merci pour le sondage !"
"2026/03/19 2:59:01 PM UTC+2","1A IC","la renommée de l'entreprise;la présence d'un repas lors de l'évènement;la présence d'un cocktail lors de l'évènement","Numérique, Informatique et IA","Énergie","Aéronautique","Robotique et Automatisation","Transports","Économie et Finance","Environnement","Santé et Biotechnologies","Mode et Luxe","","","les amphis entreprises;les visites de site","","","","oui","oui","oui",""
"2026/03/19 5:11:42 PM UTC+2","2A IC","la renommée de l'entreprise;le domaine d'activité de l'entreprise;la recherche d'un stage;la présence d'un repas lors de l'évènement;la présence d'un cocktail lors de l'évènement","Mode et Luxe","Environnement","Énergie","Santé et Biotechnologies","Robotique et Automatisation","Économie et Finance","Numérique, Informatique et IA","Transports","Aéronautique","","","les amphis entreprises;les tables rondes;les visites de site;les forums;les études de cas","","","","oui","oui","oui","pq d’autres forums alors qu’il y a le trium ?"
"2026/03/20 10:08:58 AM UTC+2","1A IC","la renommée de l'entreprise;le domaine d'activité de l'entreprise;la politique éthique de l'entreprise;le fait de ne pas connaître l'entreprise présentée;la présence d'un repas lors de l'évènement","Énergie","Environnement","Transports","Aéronautique","Économie et Finance","Numérique, Informatique et IA","Santé et Biotechnologies","Robotique et Automatisation","Mode et Luxe","Astrophysique","Recherche et Manager de projets intéressants ","les amphis entreprises;les visites de site;les études de cas","Plus de clarté sur les activités d'une entreprise, découvrir des domaines d'une entreprise que je ne soupçonnais pas ","Caractères éthique et environnemental de leurs activités, croissance, embauche","Les entreprises qu'on nous présente sont super, notamment Safran :)","oui","oui","non","Option 1"
"2026/03/21 8:15:13 PM UTC+2","2A IC","le domaine d'activité de l'entreprise;la politique éthique de l'entreprise;la recherche d'un stage;la présence d'un repas lors de l'évènement","Environnement","Énergie","Transports","Numérique, Informatique et IA","Économie et Finance","Santé et Biotechnologies","Robotique et Automatisation","Aéronautique","Mode et Luxe","","","les tables rondes;les visites de site;les études de cas","","","Sublime énergie","oui","oui","Pourquoi pas","[insérer un commentaire pro-sobriété et fin des partenaires louches (j’ai la flemme)]
Bon courage !"
"2026/03/23 11:56:10 AM UTC+2","1A IC","le domaine d'activité de l'entreprise;la politique éthique de l'entreprise;la présence d'un repas lors de l'évènement","Environnement","Aéronautique","Énergie","Santé et Biotechnologies","Robotique et Automatisation","Transports","Mode et Luxe","Économie et Finance","Numérique, Informatique et IA","","Recherche fondamentale, R&D","les amphis entreprises;les visites de site;les forums;les études de cas","Découvrir l'entreprise avec plus de détails que ce que j'avais en tête ","Son domaine et son impact environnementale","","oui","oui","non",""
"2026/03/23 2:11:04 PM UTC+2","1A IC","la renommée de l'entreprise;le domaine d'activité de l'entreprise;la recherche d'un stage;la présence d'un repas lors de l'évènement;la présence d'un cocktail lors de l'évènement","Économie et Finance","Santé et Biotechnologies","Mode et Luxe","Aéronautique","Énergie","Numérique, Informatique et IA","Transports","Environnement","Robotique et Automatisation","","","les amphis entreprises;les forums","Découverte de ce que peut offrir l’entreprise, stages","","","non","oui","oui",""
"2026/03/23 11:14:55 PM UTC+2","1A IC","la renommée de l'entreprise;la recherche d'un stage;la présence d'un repas lors de l'évènement","Économie et Finance","Mode et Luxe","Aéronautique","Énergie","Transports","Santé et Biotechnologies","Transports","Robotique et Automatisation","Numérique, Informatique et IA","","","les amphis entreprises;les forums","","Les postes, conditions de travail, équilibre vie pro/vie perso ","","oui","Non","oui",""
"2026/03/23 11:21:15 PM UTC+2","1A IC","la renommée de l'entreprise;le domaine d'activité de l'entreprise","Énergie","Environnement","Transports","Aéronautique","Économie et Finance","Numérique, Informatique et IA","Robotique et Automatisation","Santé et Biotechnologies","Mode et Luxe","","","les amphis entreprises","","","","oui","oui","oui",""
"2026/03/23 11:22:06 PM UTC+2","1A IC","la renommée de l'entreprise;le domaine d'activité de l'entreprise;la politique éthique de l'entreprise;la présence d'un repas lors de l'évènement;la présence d'un cocktail lors de l'évènement","Mode et Luxe","Santé et Biotechnologies","Économie et Finance","Énergie","Environnement","Aéronautique","Numérique, Informatique et IA","Robotique et Automatisation","Transports","","","les amphis entreprises","","","","non","Non","oui",""
"2026/03/23 11:23:04 PM UTC+2","1A IC","le domaine d'activité de l'entreprise;la politique éthique de l'entreprise;la recherche d'un stage;le fait de ne pas connaître l'entreprise présentée;la présence d'un repas lors de l'évènement","Santé et Biotechnologies","Énergie","Transports","Environnement","Robotique et Automatisation","Numérique, Informatique et IA","Aéronautique","Économie et Finance","Mode et Luxe","","Recherche fondamentale, ","les amphis entreprises;les visites de site","De quoi me donner envie d'être ingénieur chez eux","Ethique, capacité à innover, place des collaborateurs, salaire, possibilité d'évolution ","OranoMed (la branche des therapies médicales d'Orano), SNCF,...","oui","oui","oui","Merci pour tout, ton travail au sein du BDE fera vraiment la différence pour notre promotion, j'en suis certain. Courage et merci encore"
"2026/03/23 11:40:17 PM UTC+2","1A IC","le domaine d'activité de l'entreprise;la politique éthique de l'entreprise;la recherche d'un stage;la présence d'un repas lors de l'évènement","Énergie","Environnement","Transports","Aéronautique","Robotique et Automatisation","Numérique, Informatique et IA","Économie et Finance","Santé et Biotechnologies","Mode et Luxe","Physique fondamentale","Recherche fondamentale en physique","les amphis entreprises;les tables rondes;les visites de site","Des informations","Qu'est ce qu'on peut faire en tant qu'ingénieur dans cette entreprise","","oui","oui","non",""
"2026/03/23 11:48:19 PM UTC+2","ISUP","la renommée de l'entreprise;le domaine d'activité de l'entreprise;le fait de ne pas connaître l'entreprise présentée;la présence d'un repas lors de l'évènement;la présence d'un cocktail lors de l'évènement","Mode et Luxe","Santé et Biotechnologies","Robotique et Automatisation","Numérique, Informatique et IA","Économie et Finance","Transports","Aéronautique","Environnement","Énergie","","","les visites de site","","","","non","oui","oui",""
"2026/03/23 11:53:58 PM UTC+2","1A IC","le domaine d'activité de l'entreprise;la présence d'un repas lors de l'évènement","Numérique, Informatique et IA","Robotique et Automatisation","Économie et Finance","Aéronautique","Transports","Santé et Biotechnologies","Mode et Luxe","Énergie","Environnement","","","les amphis entreprises","","","","oui","Non","oui",""
"2026/03/23 11:57:37 PM UTC+2","1A IC","la renommée de l'entreprise;le domaine d'activité de l'entreprise;la politique éthique de l'entreprise;la recherche d'un stage;le fait de ne pas connaître l'entreprise présentée;la présence d'un repas lors de l'évènement","Santé et Biotechnologies","Numérique, Informatique et IA","Environnement","Énergie","Robotique et Automatisation","Aéronautique","Transports","Mode et Luxe","Économie et Finance","","","les amphis entreprises","Une idée plus claire d’en quoi consiste un métier qui pourrait m’intéresser","Son fonctionnement, les conditions, la politique éthique jsp","","oui","oui","non",""
"2026/03/24 12:01:11 AM UTC+2","1A IC","la renommée de l'entreprise;le domaine d'activité de l'entreprise;la présence d'un repas lors de l'évènement","Numérique, Informatique et IA","Économie et Finance","Robotique et Automatisation","Santé et Biotechnologies","Aéronautique","Énergie","Environnement","Transports","Mode et Luxe","","","les forums;les études de cas","Un stage ou des informations sur comment obtenir un stage","","Mistral AI","non","Non","oui",""
"2026/03/24 12:15:52 AM UTC+2","1A IC","le domaine d'activité de l'entreprise;la recherche d'un stage;le fait de ne pas connaître l'entreprise présentée;la présence d'un repas lors de l'évènement","Robotique et Automatisation","Santé et Biotechnologies","Aéronautique","Transports","Énergie","Environnement","Économie et Finance","Numérique, Informatique et IA","Mode et Luxe","","R&D","les amphis entreprises;les visites de site","Des infos. Des vrais infos internes ( genre le mec de McKinsey qui dit que c’est atroce )","Équilibre vie pro vie perso + potentiel d’évolution","Disneyland Paris ","non","Non","oui",""
"2026/03/24 1:41:31 AM UTC+2","1A IC","le domaine d'activité de l'entreprise;la politique éthique de l'entreprise;la présence d'un repas lors de l'évènement","Énergie","Environnement","Transports","Santé et Biotechnologies","Robotique et Automatisation","Numérique, Informatique et IA","Aéronautique","Économie et Finance","Mode et Luxe","","","les amphis entreprises","","","","oui","oui","non",""
"2026/03/24 1:46:03 AM UTC+2","1A IC","la politique éthique de l'entreprise;la présence d'un repas lors de l'évènement","Environnement","Aéronautique","Énergie","Numérique, Informatique et IA","Économie et Finance","Transports","Robotique et Automatisation","Santé et Biotechnologies","Mode et Luxe","","","les amphis entreprises","","","","non","Non","non",""
"2026/03/24 10:01:59 AM UTC+2","1A IC","le domaine d'activité de l'entreprise;la politique éthique de l'entreprise;la présence d'un repas lors de l'évènement","Énergie","Environnement","Numérique, Informatique et IA","Robotique et Automatisation","Santé et Biotechnologies","Aéronautique","Économie et Finance","Transports","Mode et Luxe","","","les tables rondes;les forums","Des informations sur la vie pro et comment ça se passe vrmt avec un retour d’expérience ","","Orano mais on l’a déjà ","oui","oui","oui",""
"2026/03/24 10:25:32 AM UTC+2","1A IC","la politique éthique de l'entreprise;le fait de ne pas connaître l'entreprise présentée;la présence d'un repas lors de l'évènement","Numérique, Informatique et IA","Santé et Biotechnologies","Environnement","Économie et Finance","Énergie","Robotique et Automatisation","Transports","Aéronautique","Mode et Luxe","","Management","les amphis entreprises;les forums","Des contacts, une meilleure compréhension de la vision de l’entreprise","Les possibilités d’évolution ","Framatome","non","Non","oui",""
"2026/03/24 10:30:25 AM UTC+2","2A IC","le domaine d'activité de l'entreprise;la politique éthique de l'entreprise;la recherche d'un stage","Environnement","Environnement","Énergie","Énergie","Santé et Biotechnologies","Robotique et Automatisation","Numérique, Informatique et IA","Aéronautique","Économie et Finance","","","les amphis entreprises;les visites de site","","","","oui","Environnement au sens large, pas juste l'énergie","non",""
"2026/03/24 10:35:42 AM UTC+2","2A IC","la renommée de l'entreprise;le domaine d'activité de l'entreprise;la recherche d'un stage;la présence d'un repas lors de l'évènement;la présence d'un cocktail lors de l'évènement","Énergie","Environnement","Transports","Numérique, Informatique et IA","Économie et Finance","Aéronautique","Robotique et Automatisation","Santé et Biotechnologies","Mode et Luxe","","R&D, conseil, politiques publiques tournées vers la science ","les amphis entreprises","Découvrir un domaine, secteur… Et faciliter une obtention de stage.","","RTE","oui","oui","non",""
"2026/03/24 10:41:31 AM UTC+2","2A IC","le domaine d'activité de l'entreprise;la politique éthique de l'entreprise;la recherche d'un stage;le fait de ne pas connaître l'entreprise présentée;la présence d'un repas lors de l'évènement;la présence d'un cocktail lors de l'évènement","Numérique, Informatique et IA","Robotique et Automatisation","Environnement","Énergie","Transports","Aéronautique","Santé et Biotechnologies","Mode et Luxe","Économie et Finance","juste je précise j'aime pas les startups IA à la con et les data science (sans jugement là pour le coup), mais comme bah informatique était pas dissocié de IA....","recherche / technique","les amphis entreprises;les tables rondes","Des réponses à certaines questions, des contacts","J'aimerais juste que les gens qui viennent nous parler arrêtent de nous prendre pour des guignols en faisant du greenwashing à outrance. L'année dernière un employé présentait la stratégie verte de son entreprise et donnait les objectif à atteindre en 2025 (on devait être en novembre 2024). Respectueusement, je lui demande où en sont ces objectifs puisque l'ultimatum imposé approche, et on me baragouine une réponse pas satisfaisante du tout... 
Je sais que les politiques ne donnent pas vraiment l'exemple en matière de bullshit mais ptn on est des gens intelligents, faites usage de ça quoi !?
Désolé pour le pavé mais c'est important amha ","nope","oui","oui","oui","Je t'aime trop Erhel épouse moi (no homo)"
"2026/03/24 10:47:20 AM UTC+2","1A IC","le domaine d'activité de l'entreprise;la politique éthique de l'entreprise;la présence d'un repas lors de l'évènement","Environnement","Énergie","Numérique, Informatique et IA","Robotique et Automatisation","Transports","Santé et Biotechnologies","Aéronautique","Mode et Luxe","Économie et Finance","Audiovisuel ou multimédia en 2 ou 3, conseil mais ca m’interresse pas tant que ça ","R&D mais en vrai jsp","les visites de site;les forums","Connaître les entreprises que je ne connais pas + Savoir si elles sont éthiques ","Si le domaine m'intéresse et si l'entreprise prône et agis pour les mêmes valeurs morale que moi","","oui","oui","oui","À Centrale (si je me trompe pas) ils ont un forum constitué uniquement d'entreprises censées être éthiques ou dont le but vise à protéger la planète. Je ne sais pas dans quelle mesure il serait possible d’en organiser aussi, ou de participer au leur "
"2026/03/24 10:54:40 AM UTC+2","1A IC","J'y vais pas...","Énergie","Numérique, Informatique et IA","Environnement","Aéronautique","Transports","Économie et Finance","Santé et Biotechnologies","Robotique et Automatisation","Mode et Luxe","","","Je n'y vais pas","","","","oui","Non","oui","J'ai répondu pour faire plaisir. Je ne suis pas réellement intéressé par ces événements car je n'ai aucune vision sur mon avenir"
"2026/03/24 11:04:36 AM UTC+2","2A IC","la renommée de l'entreprise;le domaine d'activité de l'entreprise;la recherche d'un stage;la présence d'un repas lors de l'évènement;la présence d'un cocktail lors de l'évènement","Énergie","Transports","Environnement","Numérique, Informatique et IA","Santé et Biotechnologies","Robotique et Automatisation","Économie et Finance","Mode et Luxe","Aéronautique","","R&D, gestion de projet, stratégie","les amphis entreprises;les tables rondes;les visites de site","Obtenir des contacts, être inspiré par les carrières, apprendre des choses sur l’entreprise et le secteur ","Valeurs, projets, contacts des mines","Edf, banque mondiale, sncf, siemens","oui","oui","non","Merci :)"
"2026/03/24 12:03:05 PM UTC+2","1A IC","la renommée de l'entreprise;le domaine d'activité de l'entreprise;la politique éthique de l'entreprise","Environnement","Transports","Énergie","Santé et Biotechnologies","Numérique, Informatique et IA","Aéronautique","Économie et Finance","Robotique et Automatisation","Mode et Luxe","","Tout ce qui est recherche","les amphis entreprises;les visites de site","","- Quel impact l'entreprise juge-t-elle avoir sur le monde qui l'entoure.
- À quoi ça ressemble concrètement de travailler au sein de cette entreprise pour un poste donné (quotidien, missions,...)","","oui","oui","non",""
"2026/03/24 12:47:20 PM UTC+2","2A IC","la renommée de l'entreprise;le domaine d'activité de l'entreprise;la recherche d'un stage;le fait de ne pas connaître l'entreprise présentée","Énergie","Robotique et Automatisation","Numérique, Informatique et IA","Économie et Finance","Transports","Aéronautique","Environnement","Santé et Biotechnologies","Mode et Luxe","","","les amphis entreprises;les visites de site;les forums","","","","non","oui","oui",""
"2026/03/24 1:58:20 PM UTC+2","2A IC","le domaine d'activité de l'entreprise;la politique éthique de l'entreprise","Transports","Environnement","Aéronautique","Robotique et Automatisation","Énergie","Santé et Biotechnologies","Numérique, Informatique et IA","Économie et Finance","Mode et Luxe","","R&D","les tables rondes;les visites de site","","","ESA","oui","oui","non","Oui oui c'est l'asti + forum publique faut trop en faire unnnnnn"
"2026/03/24 2:06:34 PM UTC+2","1A IC","la renommée de l'entreprise;le domaine d'activité de l'entreprise;la présence d'un repas lors de l'évènement;la présence d'un cocktail lors de l'évènement","Énergie","Numérique, Informatique et IA","Robotique et Automatisation","Transports","Environnement","Aéronautique","Économie et Finance","Santé et Biotechnologies","Mode et Luxe","","Métiers pluridisciplinaires à l’interface de plusieurs métiers ","les amphis entreprises;les visites de site","Concrètement à quoi ressemble son job","Son fonctionnement, l’envers du décors ","","oui","oui","oui",""
"2026/03/24 4:02:47 PM UTC+2","1A IC","le domaine d'activité de l'entreprise;la recherche d'un stage;la présence d'un repas lors de l'évènement;la présence d'un cocktail lors de l'évènement","Aéronautique","Énergie","Économie et Finance","Robotique et Automatisation","Transports","Numérique, Informatique et IA","Santé et Biotechnologies","Mode et Luxe","Environnement","Le conseil","","les amphis entreprises;les visites de site","","Le salaire et les avantages","Dassault Aviation, Airbus, Ariane","non","Non","oui",""
"2026/03/24 4:06:44 PM UTC+2","1A IC","la renommée de l'entreprise;le domaine d'activité de l'entreprise;le fait de ne pas connaître l'entreprise présentée;la présence d'un repas lors de l'évènement;la présence d'un cocktail lors de l'évènement","Numérique, Informatique et IA","Robotique et Automatisation","Économie et Finance","Énergie","Transports","Aéronautique","Santé et Biotechnologies","Mode et Luxe","Environnement","Conseil","","les amphis entreprises;les tables rondes;les visites de site;les forums;les études de cas","Découvrir l'entreprise et possiblement des contacts/opportunité de stages","Domaine, conditions de travail, salaire, avantages","","oui","Non","oui",""
"2026/03/24 4:16:58 PM UTC+2","1A IC","la renommée de l'entreprise;le domaine d'activité de l'entreprise;le fait de ne pas connaître l'entreprise présentée;la présence d'un repas lors de l'évènement;la présence d'un cocktail lors de l'évènement","Numérique, Informatique et IA","Environnement","Mode et Luxe","Santé et Biotechnologies","Robotique et Automatisation","Économie et Finance","Transports","Énergie","Aéronautique","","","les amphis entreprises","","","","oui","oui","non",""
"2026/03/24 6:57:52 PM UTC+2","2A IC","le domaine d'activité de l'entreprise;la politique éthique de l'entreprise;la recherche d'un stage","Environnement","Énergie","Transports","Économie et Finance","Santé et Biotechnologies","Numérique, Informatique et IA","Robotique et Automatisation","Mode et Luxe","Aéronautique","","","les amphis entreprises;les forums","","","","oui","oui","non",""
"2026/03/24 7:47:22 PM UTC+2","2A IC","la renommée de l'entreprise;le domaine d'activité de l'entreprise;la recherche d'un stage;la présence d'un repas lors de l'évènement","Énergie","Environnement","Aéronautique","Robotique et Automatisation","Transports","Économie et Finance","Numérique, Informatique et IA","Santé et Biotechnologies","Mode et Luxe","","R&D","les tables rondes;les visites de site","Un contact dans l'entreprise pour un potentiel stage","","","oui","oui","non",""
"2026/03/26 5:30:29 PM UTC+2","2A IC","la renommée de l'entreprise;le domaine d'activité de l'entreprise;la politique éthique de l'entreprise;la recherche d'un stage","Énergie","Environnement","Transports","Santé et Biotechnologies","Aéronautique","Numérique, Informatique et IA","Robotique et Automatisation","Économie et Finance","Mode et Luxe","","R&D, gestion de projet ","les tables rondes;les visites de site;les études de cas","proposition de stage, journée type d’un employé ","organisation sociale","","oui","oui","oui",""
"2026/03/29 11:28:53 AM UTC+2","2A IC","la renommée de l'entreprise;le domaine d'activité de l'entreprise;la politique éthique de l'entreprise;la recherche d'un stage;la présence d'un repas lors de l'évènement;la présence d'un cocktail lors de l'évènement","Environnement","Énergie","Transports","Économie et Finance","Numérique, Informatique et IA","Santé et Biotechnologies","Robotique et Automatisation","Aéronautique","Mode et Luxe","","Fonction publique, mais ça n'arrive jamais","j'ai fait que des amphis","des infos concretes sur les opportunités de carrière, l'engagement éthique d'une entreprise, un contact pour un stage","Si ils livrent des armes à israel et si il nous font travailler le weekend","ADEME ?","OUI OUI OUI OUI OUI OUI","OUAAAAAAAAAAAAAAAAAAAAAAIS","non",""
"2026/05/19 8:39:32 PM UTC+3","césure","la renommée de l'entreprise;le domaine d'activité de l'entreprise;la politique éthique de l'entreprise;la présence d'un repas lors de l'évènement","Numérique, Informatique et IA","Énergie","Transports","Aéronautique","Santé et Biotechnologies","Robotique et Automatisation","Environnement","Économie et Finance","Mode et Luxe","","","les tables rondes;les visites de site","","","","non","Non","non",""
"2026/05/19 8:43:08 PM UTC+3","césure","la renommée de l'entreprise;le domaine d'activité de l'entreprise;la politique éthique de l'entreprise;la recherche d'un stage","Numérique, Informatique et IA","Économie et Finance","Énergie","Santé et Biotechnologies","Robotique et Automatisation","Transports","Aéronautique","Environnement","Mode et Luxe","","R&D","les tables rondes;les visites de site;les études de cas","Des contacts","Comment ils recrutent pour quels postes","Nvidia","oui","oui","oui",""
"2026/05/19 8:53:25 PM UTC+3","césure","la renommée de l'entreprise;le domaine d'activité de l'entreprise;la présence d'un repas lors de l'évènement","Robotique et Automatisation","Santé et Biotechnologies","Numérique, Informatique et IA","Aéronautique","Transports","Énergie","Environnement","Économie et Finance","Mode et Luxe","","","les amphis entreprises;les visites de site;les forums","","","","non","Non","oui",""
"2026/05/19 9:45:27 PM UTC+3","3A IC","le domaine d'activité de l'entreprise;la recherche d'un stage","Santé et Biotechnologies","Numérique, Informatique et IA","Économie et Finance","Robotique et Automatisation","Énergie","Environnement","Transports","Aéronautique","Mode et Luxe","","Stratégie d'entreprise ","les amphis entreprises;les tables rondes;les visites de site","","","Dassault Systèmes ","oui","Non","non",""
"2026/05/19 11:00:30 PM UTC+3","césure","la renommée de l'entreprise;le domaine d'activité de l'entreprise;la recherche d'un stage;la présence d'un repas lors de l'évènement;la présence d'un cocktail lors de l'évènement;par curiosité, pour voir ce qu'ils vont présenter (pas nécessairement parce que je ne connais pas l'entreprise)","Numérique, Informatique et IA","Énergie","Santé et Biotechnologies","Mode et Luxe","Économie et Finance","Environnement","Aéronautique","Robotique et Automatisation","Transports","Art/Culture/Philosophie/Éthique","","les tables rondes;les visites de site;les forums","des informations sur les processus de recrutement, des témoignages concrets des activités en tant de salarié, des contacts d'alumni ","comment sont les processus de recrutement, et comment se passe le travail (les conditions, opportunités, etc.)","","ça dépend quel est la fin de cet évènement, j'en questionne sa pertinence par l'idée qu'il y a derrière, est ce que le but est de rassembler des entreprises qui travaillent pour le 'bien commun' car détenues en gros par l'Etat, ou est ce que c'est juste pour dire 'grosse boite', là ou pourquoi une ONG par exemple qui travaille pour le bien commun ne pourrait pas être invitée? il faut détailler un peu plus vos idées/démarches parce que sinon ça ne sert à rien, et pourquoi l'utilisation des guillemets","pareil il faut définir ce que que serait","il existe déjà/a déjà existé: c'est dur de convaincre suffisamment de startups de venir parce que ça leur coûte cher","bon courage les jeunots"
"2026/05/19 11:12:46 PM UTC+3","césure","la renommée de l'entreprise;le domaine d'activité de l'entreprise;la recherche d'un stage","Mode et Luxe","Santé et Biotechnologies","Aéronautique","Transports","Environnement","Énergie","Économie et Finance","Robotique et Automatisation","Numérique, Informatique et IA","","","les tables rondes;les visites de site;les études de cas","","","","non","oui","non",""
"2026/05/19 11:50:24 PM UTC+3","césure","la renommée de l'entreprise;le domaine d'activité de l'entreprise;la politique éthique de l'entreprise;la recherche d'un stage;la présence d'un cocktail lors de l'évènement","Numérique, Informatique et IA","Environnement","Énergie","Transports","Santé et Biotechnologies","Robotique et Automatisation","Mode et Luxe","Économie et Finance","Aéronautique","Organisme publique (orienté politique publique et économie)","Affaires publiques, stratagie industrielle, économie","les amphis entreprises","Contact et meilleur compréhension de l'entreprise/organisme publique + pouvoir poser des questions qui intéressent les élèves (parfois qui fâchent un peu)","modalités de recrutement","Organismes publiques","oui","oui","non","Merci le pôle N !"
"2026/05/20 12:12:35 AM UTC+3","césure","le domaine d'activité de l'entreprise;la recherche d'un stage;la présence d'un cocktail lors de l'évènement","Aéronautique","Robotique et Automatisation","Numérique, Informatique et IA","Santé et Biotechnologies","Énergie","Transports","Économie et Finance","Mode et Luxe","Environnement","","R&D / R&T ","les tables rondes;les visites de site","Des infos, des contacts ","Atmosphère, valeurs de l’entreprise ","Dassault aviation ","non","Non","non","J’ai eu des mauvaises expériences de tables rondes où seulement une des entreprises présentes m’intéresse, et il faut quand même parler avec les autres, pas toujours satisfaisant mais rien de particulier à dire sinon à part bon courage :) 
"
"2026/05/20 12:43:17 AM UTC+3","césure","la renommée de l'entreprise;le domaine d'activité de l'entreprise;la recherche d'un stage;le fait de ne pas connaître l'entreprise présentée;la présence d'un repas lors de l'évènement","Économie et Finance","Énergie","Numérique, Informatique et IA","Robotique et Automatisation","Aéronautique","Transports","Environnement","Santé et Biotechnologies","Mode et Luxe","","","les tables rondes;les études de cas","Stage, découvrir une entreprise, être entraîné pour le recrutement/pour le CV","","","non","Non","non",""
"2026/05/20 4:40:20 AM UTC+3","césure","le domaine d'activité de l'entreprise;la recherche d'un stage","Numérique, Informatique et IA","Énergie","Robotique et Automatisation","Transports","Santé et Biotechnologies","Économie et Finance","Environnement","Aéronautique","Mode et Luxe","","","les tables rondes;les forums;les études de cas","","","","oui","oui","oui",""
"2026/05/20 4:45:11 AM UTC+3","césure","la renommée de l'entreprise;le domaine d'activité de l'entreprise;la recherche d'un stage;la présence d'un repas lors de l'évènement","Numérique, Informatique et IA","Santé et Biotechnologies","Robotique et Automatisation","Économie et Finance","Énergie","Transports","Environnement","Aéronautique","Mode et Luxe","","","les amphis entreprises;les tables rondes;les visites de site","","","","oui","oui","oui",""
"2026/05/20 8:09:31 AM UTC+3","césure","la renommée de l'entreprise;le domaine d'activité de l'entreprise;la politique éthique de l'entreprise;la recherche d'un stage;le fait de ne pas connaître l'entreprise présentée","Transports","Énergie","Environnement","Numérique, Informatique et IA","Robotique et Automatisation","Santé et Biotechnologies","Mode et Luxe","Économie et Finance","Aéronautique","","","les amphis entreprises;les tables rondes;les visites de site","","","Alstom","oui","oui","non",""
"2026/05/20 9:22:19 AM UTC+3","césure","la renommée de l'entreprise;le domaine d'activité de l'entreprise;la politique éthique de l'entreprise;la présence d'un cocktail lors de l'évènement","Énergie","Environnement","Robotique et Automatisation","Santé et Biotechnologies","Aéronautique","Numérique, Informatique et IA","Économie et Finance","Transports","Mode et Luxe","","","les visites de site","","","","oui","oui","oui",""
"2026/05/20 10:06:14 AM UTC+3","césure","le domaine d'activité de l'entreprise;la recherche d'un stage;J'en n'ai pas fait beaucoup car souvent c'est du conseil et ça ne m'intéresse pas","Robotique et Automatisation","Aéronautique","Numérique, Informatique et IA","Énergie","Transports","Environnement","Santé et Biotechnologies","Économie et Finance","Mode et Luxe","Défense","R&D, recherche fonda, les gens qui font des trucs techniques et scientifiques en gros ","les amphis entreprises;les visites de site;les forums","Une idée de stage, des contacts, une idée de travail pour plus tard","","Des entreprises qui font des robots/véhicules autonomes/drones (genre Parrot), info quantique (Quandela)","non","oui","oui","piche"
"2026/05/20 11:18:59 AM UTC+3","césure","la renommée de l'entreprise;le domaine d'activité de l'entreprise;la recherche d'un stage","Économie et Finance","Mode et Luxe","Numérique, Informatique et IA","Aéronautique","Transports","Énergie","Robotique et Automatisation","Santé et Biotechnologies","Environnement","","","les amphis entreprises;les études de cas","","","","non","oui","non",""
"2026/05/20 11:25:53 AM UTC+3","césure","la renommée de l'entreprise;le domaine d'activité de l'entreprise;la recherche d'un stage;la présence d'un cocktail lors de l'évènement","Énergie","Aéronautique","Santé et Biotechnologies","Environnement","Transports","Mode et Luxe","Robotique et Automatisation","Économie et Finance","Numérique, Informatique et IA","","","les amphis entreprises;les visites de site","Apprendre sur l'entreprise et son fonctionnement ","","","oui","oui","oui",""
"2026/05/20 11:34:17 AM UTC+3","césure","la renommée de l'entreprise;le domaine d'activité de l'entreprise;la recherche d'un stage;le fait de ne pas connaître l'entreprise présentée","Énergie","Aéronautique","Numérique, Informatique et IA","Robotique et Automatisation","Économie et Finance","Santé et Biotechnologies","Mode et Luxe","Transports","Environnement","","","les tables rondes;les visites de site;les études de cas","","","Thalès, Airbus, Total Energies ","non","oui","oui",""
"2026/05/20 12:54:55 PM UTC+3","césure","la renommée de l'entreprise;le domaine d'activité de l'entreprise;la politique éthique de l'entreprise","Environnement","Transports","Énergie","Santé et Biotechnologies","Robotique et Automatisation","Économie et Finance","Numérique, Informatique et IA","Mode et Luxe","Aéronautique","Le problème dans le fait de mettre ""économie et finance"" c'est typiquement que l'OCDE m'intéresse tout comme la banque de france. Par contre la sogé et bnp je pourrais payer pour ne pas y assister","Recherche fondamentale / R&D","les tables rondes;les visites de site","","","","oui","oui","non",""
"2026/05/20 1:54:19 PM UTC+3","césure","le domaine d'activité de l'entreprise;la politique éthique de l'entreprise;la recherche d'un stage;la présence d'un repas lors de l'évènement;la présence d'un cocktail lors de l'évènement","Environnement","Énergie","Numérique, Informatique et IA","Robotique et Automatisation","Santé et Biotechnologies","Transports","Mode et Luxe","Aéronautique","Économie et Finance","cybersecurité en n1, aucun événement entreprise dans ce domaine","R&D, opérationnel, direction technique ","les tables rondes","Découvrir l'entreprise concernée","Est ce que l'entreprise a un impact positif ou négatif (jusqu'à présent la plupart des entreprises présent sont plutôt dans le second cas, même si elles adorent prétendre le contraire)","Wavestone, data4, chapsvision","Absolument, ça manque cruellement à l'offre actuelle, on est une école publique, c'est scandaleux de ne mettre en avant que des entreprises privées","Dans l'absolu oui, mais dans la pratique je sens bien l'événement full greenwashing avec total en tête d'affiche. mais si on a un vrai événement axé sur l'impact environnemental avec un bannissement total des entreprises qui font du greenwashing je suis très intéressé ","oui","Je ne doute pas de la pureté de vos intentions, mais vous n'êtes pas le premier BDE à faire un sondage sur la promotion, avec à chaque fois, aucun changement derrière dans le choix des entreprises. J'ai été de l'autre côté, et je sais bien comment ça se passe : on choisit les entreprises qui payent, et ensuite on essaye de remplir l'amphi, quitte à faire venir l'ensemble du BDE et des listeux. Le fond du problème, c'est les dépenses qui sont trop élevées, et qui sont impossibles à assumer sans l'argent sale du catalogue actuel d'entreprises. C'est un autre débat, mais sans prendre le problème de ce point de vue là, rien ne changera."
"2026/05/21 12:39:52 PM UTC+3","césure","le domaine d'activité de l'entreprise;la politique éthique de l'entreprise;la recherche d'un stage;la présence d'un repas lors de l'évènement;la présence d'un cocktail lors de l'évènement","Environnement","Énergie","Numérique, Informatique et IA","Économie et Finance","Santé et Biotechnologies","Robotique et Automatisation","Transports","Aéronautique","Mode et Luxe","","R&D ou recherche fondamentale,","les amphis entreprises;les tables rondes","","","","oui","oui","non",""
"2026/05/22 12:31:09 AM UTC+3","césure","le domaine d'activité de l'entreprise;la recherche d'un stage;le fait de ne pas connaître l'entreprise présentée;la présence d'un repas lors de l'évènement;la présence d'un cocktail lors de l'évènement","Énergie","Numérique, Informatique et IA","Économie et Finance","Aéronautique","Santé et Biotechnologies","Robotique et Automatisation","Environnement","Transports","Mode et Luxe","","Recherche appliquée ","les amphis entreprises;les visites de site","","","","oui","oui","oui",""
"2026/05/23 1:15:53 PM UTC+3","césure","le domaine d'activité de l'entreprise;la politique éthique de l'entreprise","Environnement","Énergie","Numérique, Informatique et IA","Santé et Biotechnologies","Transports","Robotique et Automatisation","Économie et Finance","Mode et Luxe","Aéronautique","","R&D, recherche fondamentale","les forums","","","","oui","Non","non",""
"2026/05/27 10:33:17 AM UTC+3","césure","le domaine d'activité de l'entreprise;la politique éthique de l'entreprise;la recherche d'un stage","Environnement","Santé et Biotechnologies","Énergie","Économie et Finance","Transports","Mode et Luxe","Robotique et Automatisation","Numérique, Informatique et IA","Aéronautique","","","les amphis entreprises;les tables rondes","Des connaissances, des idées de parcours, des idées de stage","","","oui","oui","non",""